feature,mean_absolute_shap,mean_shap
num__products_number,0.8005493,-0.23893045
num__age,0.7844071,-0.19645922
cat__active_member_0,0.299898,-0.042422824
cat__country_Germany,0.25659028,-0.018386746
cat__gender_Female,0.22411947,-0.017140437
num__balance,0.18215236,-0.00036229435
num__balance_per_product,0.11817518,0.024799746
num__credit_score,0.09918176,-0.0014889133
cat__active_member_1,0.08825045,-0.012631978
num__estimated_salary,0.08576238,-0.005126129
cat__age_group_45-54,0.064411536,-0.009440365
num__salary_balance_ratio,0.056856405,-0.018109327
cat__country_France,0.032924816,-0.0032109409
cat__age_group_55-64,0.02768515,-0.0028789993
num__tenure,0.027573515,0.00057473883
cat__credit_card_0,0.020686237,-0.00064880255
cat__gender_Male,0.017297316,-0.002096855
cat__country_Spain,0.011910974,0.001007562
cat__tenure_bucket_0,0.009849386,-0.00049976463
cat__high_balance_0,0.009309944,0.0006177853
cat__tenure_bucket_1-2,0.0075442432,-0.0005136299
cat__age_group_25-34,0.004358758,-0.0013173962
cat__age_group_35-44,0.0029807051,-0.00040760846
cat__tenure_bucket_6-10,0.0028933787,-0.00025852438
cat__credit_card_1,0.0028491474,-3.7036018e-05
cat__tenure_bucket_3-5,0.0017491876,0.00024572387
cat__age_group_<25,0.0010153226,-0.00026448444
cat__high_balance_1,0.00042957885,-1.7144395e-05
cat__age_group_65+,9.8513425e-05,3.088427e-05
